value,survey_year,is_preferred
1,-0.09086848885096943,-0.07441955969867087
-0.09086848885096943,1,0.07370200935046152
-0.07441955969867087,0.07370200935046152,1
