indicator_order,characteristic_id,characteristic_order,is_total,is_preferred,survey_year_label,denominator_weighted,denominator_unweighted
1,NA,NA,NA,0.11813073928698754,0.08779683597899343,-0.6159397356179224,-0.614610069945807
NA,NA,NA,NA,NA,NA,NA,NA
NA,NA,NA,NA,NA,NA,NA,NA
NA,NA,NA,NA,NA,NA,NA,NA
0.11813073928698754,NA,NA,NA,1,0.07060950332669065,-0.3841722540528094,-0.385501137634813
0.08779683597899343,NA,NA,NA,0.07060950332669065,1,-0.3500498514209023,-0.3586154349889704
-0.6159397356179224,NA,NA,NA,-0.3841722540528094,-0.3500498514209023,1,0.8606610286574867
-0.614610069945807,NA,NA,NA,-0.385501137634813,-0.3586154349889704,0.8606610286574867,1
