value,survey_year,is_preferred,ci_low,ci_high
1,-0.06325309122026496,0.19079697072014057,-0.07556331559535834,-0.07510352708924932
-0.06325309122026496,1,0,-0.22831497774247259,-0.15174330108629805
0.19079697072014057,0,1,-0.14931564047817622,-0.057136327649932574
-0.07556331559535834,-0.22831497774247259,-0.14931564047817622,1,0.9849440524372997
-0.07510352708924932,-0.15174330108629805,-0.057136327649932574,0.9849440524372997,1
