value,survey_year,is_preferred
1,0.12223384327851723,NA
0.12223384327851723,1,NA
NA,NA,NA
