value,survey_year,is_preferred,ci_low,ci_high
1,0.10099194669911413,0.016655738332394584,0.9473845581193292,0.9486604848646368
0.10099194669911413,1,0.05352038546811025,0.09836710806732042,0.11869144518692462
0.016655738332394584,0.05352038546811025,1,0.08426008386987911,0.10537148764173969
0.9473845581193292,0.09836710806732042,0.08426008386987911,1,0.9957944476968061
0.9486604848646368,0.11869144518692462,0.10537148764173969,0.9957944476968061,1
