value,survey_year,is_preferred
1,-0.14217826742311415,NA
-0.14217826742311415,1,NA
NA,NA,NA
