indicator_order,characteristic_id,characteristic_order,is_total,is_preferred,survey_year_label,denominator_weighted,denominator_unweighted
1,-0.9745045504535145,-0.9745045504535145,NA,NA,-0.3184679887973036,-0.3540653928314817,-0.31401584743587463
-0.9745045504535145,1,1,NA,NA,0.3535533905932738,0.3429647762421158,0.2878912776418588
-0.9745045504535145,1,1,NA,NA,0.3535533905932738,0.3429647762421158,0.2878912776418588
NA,NA,NA,NA,NA,NA,NA,NA
NA,NA,NA,NA,NA,NA,NA,NA
-0.3184679887973036,0.3535533905932738,0.3535533905932738,NA,NA,1,-0.053269654732628756,-0.1119026853866739
-0.3540653928314817,0.3429647762421158,0.3429647762421158,NA,NA,-0.053269654732628756,1,0.5281743394996303
-0.31401584743587463,0.2878912776418588,0.2878912776418588,NA,NA,-0.1119026853866739,0.5281743394996303,1
