indicator_order,characteristic_id,characteristic_order,is_total,is_preferred,survey_year_label,denominator_weighted,denominator_unweighted
1,-0.8533792140015264,-0.8533792140015264,NA,0.4802177435976241,-0.08553182394156275,0.6966048105914676,0.6951999234876672
-0.8533792140015264,1,1,NA,-0.5626393427058133,0.05611080694367411,-0.43048743740338496,-0.4269687570717383
-0.8533792140015264,1,1,NA,-0.5626393427058133,0.05611080694367411,-0.43048743740338496,-0.4269687570717383
NA,NA,NA,NA,NA,NA,NA,NA
0.4802177435976241,-0.5626393427058133,-0.5626393427058133,NA,1,-0.02319000889795113,0.2515649751954966,0.24323465797654287
-0.08553182394156275,0.05611080694367411,0.05611080694367411,NA,-0.02319000889795113,1,-0.44840817210871703,-0.44890922348244344
0.6966048105914676,-0.43048743740338496,-0.43048743740338496,NA,0.2515649751954966,-0.44840817210871703,1,0.9179386505436536
0.6951999234876672,-0.4269687570717383,-0.4269687570717383,NA,0.24323465797654287,-0.44890922348244344,0.9179386505436536,1
