value,survey_year,is_preferred
1,-0.12786311721609084,0.06821293558733163
-0.12786311721609084,1,-0.02793803067625856
0.06821293558733163,-0.02793803067625856,1
