indicator_order,characteristic_id,characteristic_order,is_total,is_preferred,survey_year_label,denominator_weighted,denominator_unweighted
1,-0.4155129501699055,-0.4155129501699055,NA,NA,0.4193307785911081,-0.3021815439397718,-0.3009925511118375
-0.4155129501699055,1,1,NA,NA,-0.2802242691589025,-0.5228863522841268,-0.519831088826703
-0.4155129501699055,1,1,NA,NA,-0.2802242691589025,-0.5228863522841268,-0.519831088826703
NA,NA,NA,NA,NA,NA,NA,NA
NA,NA,NA,NA,NA,NA,NA,NA
0.4193307785911081,-0.2802242691589025,-0.2802242691589025,NA,NA,1,-0.23714103726194313,-0.2453013492730792
-0.3021815439397718,-0.5228863522841268,-0.5228863522841268,NA,NA,-0.23714103726194313,1,0.9997920455224775
-0.3009925511118375,-0.519831088826703,-0.519831088826703,NA,NA,-0.2453013492730792,0.9997920455224775,1
