value,survey_year,is_preferred
1,-0.03309303489404963,NA
-0.03309303489404963,1,NA
NA,NA,NA
