value,survey_year,is_preferred,ci_low,ci_high
1,-0.1673941519598194,NA,0.07642700823790996,0.08250916457676782
-0.1673941519598194,1,NA,0.2732779596983642,0.26579314819928257
NA,NA,NA,NA,NA
0.07642700823790996,0.2732779596983642,NA,1,0.998782126924057
0.08250916457676782,0.26579314819928257,NA,0.998782126924057,1
