value,survey_year,is_preferred
1,-0.23559530566745562,0.17572551979859757
-0.23559530566745562,1,0
0.17572551979859757,0,1
