indicator_order,characteristic_id,characteristic_order,is_total,is_preferred,survey_year_label,denominator_weighted,denominator_unweighted
1,NA,NA,NA,0,0.04105815489783114,-0.5971485886739529,-0.7014037819323182
NA,NA,NA,NA,NA,NA,NA,NA
NA,NA,NA,NA,NA,NA,NA,NA
NA,NA,NA,NA,NA,NA,NA,NA
0,NA,NA,NA,1,0,0.19841001446730658,0.1926180916760632
0.04105815489783114,NA,NA,NA,0,1,-0.28060764114008113,-0.2804468297176043
-0.5971485886739529,NA,NA,NA,0.19841001446730658,-0.28060764114008113,1,0.44296319472931084
-0.7014037819323182,NA,NA,NA,0.1926180916760632,-0.2804468297176043,0.44296319472931084,1
