value,survey_year,is_preferred
1,-0.09715563958529728,NA
-0.09715563958529728,1,NA
NA,NA,NA
