indicator_order,characteristic_id,characteristic_order,is_total,is_preferred,survey_year_label,denominator_weighted,denominator_unweighted
1,NA,NA,NA,NA,0.20777594362045435,-0.047408266076152956,-0.04530401934424256
NA,NA,NA,NA,NA,NA,NA,NA
NA,NA,NA,NA,NA,NA,NA,NA
NA,NA,NA,NA,NA,NA,NA,NA
NA,NA,NA,NA,NA,NA,NA,NA
0.20777594362045435,NA,NA,NA,NA,1,-0.2287692473840318,-0.221399980441156
-0.047408266076152956,NA,NA,NA,NA,-0.2287692473840318,1,0.952179615125557
-0.04530401934424256,NA,NA,NA,NA,-0.221399980441156,0.952179615125557,1
