{
  "test_metrics": {
    "dataset": "Test",
    "n_samples": 149,
    "rmse": 0.20918426994189326,
    "mae": 0.15920054900514752,
    "r2": 0.9532938203968836
  },
  "validation_metrics": {
    "dataset": "Validation",
    "n_samples": 38,
    "rmse": 0.21413287806232503,
    "mae": 0.15899260798944956,
    "r2": 0.945054038537956
  },
  "training_metrics": {
    "rmse": 0.1881831396350806,
    "mae": 0.13926349623490286,
    "r2": 0.9653503791362739
  }
}