{
  "mean": 4.180623395561003,
  "std": 2.459198058128345
}