attributes,importance
indicator,2.2417653267778186
survey_year,0.6107512589098372
indicator_type,0.3943976914474434
characteristic_category,0.6669847733717171
characteristic_label,0.6669847733717171
by_variable_label,0.46685801937458526
is_preferred,0
denominator_weighted,0.3943976914474434
denominator_unweighted,0.3943976914474434
