attributes,importance
indicator,3.1046740746920873
survey_year,0.6478808552669788
characteristic_category,0.4607316768343286
characteristic_label,0.4607316768343286
by_variable_label,0.756639904233821
is_preferred,0
denominator_weighted,2.760585983194044
denominator_unweighted,2.797307954441821
