attributes,importance
indicator,3.1557573935776784
survey_year,0.6565036032555218
indicator_type,0.4848455563925169
characteristic_category,0.3175665553048521
characteristic_label,0.3175665553048521
by_variable_label,0.5551476787567902
is_preferred,0.555147678756791
denominator_weighted,1.7809282598285368
denominator_unweighted,1.780928259828534
