attributes,importance
indicator,2.5869354129510835
survey_year,0.6554817739013927
characteristic_category,0.6890092384766584
characteristic_label,0.6890092384766584
is_preferred,0
denominator_weighted,2.122057746060002
denominator_unweighted,2.1850711261109064
