attributes,importance
indicator,2.3843822657615705
survey_year,0.692012964831874
indicator_type,1.3263839363605037
characteristic_category,0.692012964831874
characteristic_label,0.692012964831874
is_preferred,0
denominator_weighted,0.380506218477596
denominator_unweighted,0.7963116401738128
