attributes,importance
indicator,1.9251211907908177
survey_year,0.6901856760188041
indicator_type,1.0928305535284881
by_variable_label,0.6931471805599454
is_preferred,0.6931471805599454
denominator_weighted,2.0448283752458405
denominator_unweighted,2.0448283752458405
