attributes,importance
indicator,3.1656310498665383
survey_year,0.6090542954178684
indicator_type,0.9656421724371476
is_preferred,0
denominator_weighted,1.263824556153533
denominator_unweighted,1.263824556153533
