"mtry","OOB_Error","Test_RMSE"
5,0.0304062067529678,0.157158771825465
6,0.0207441464687232,0.122641463334919
7,0.0128191051479398,0.0945390793170593
8,0.00762375568939629,0.0734893894652598
9,0.00599939964863278,0.0617024135533806
