"mtry","OOB_Error","Test_RMSE"
5,0.0298150963181021,0.155928652044657
6,0.0190989655445435,0.121684610413525
7,0.0124042943920229,0.0934847319282672
8,0.00761051114494551,0.0707979236784242
9,0.00545972280068685,0.0588002888572515
