"nodesize","OOB_Error","Test_RMSE"
1,0.00505744852978621,0.0578418984879855
2,0.00492165606512963,0.0554288211160979
3,0.00548248281444256,0.0562925872363315
5,0.00528603695915207,0.0578037652368559
7,0.00624003696253946,0.0641088117300065
10,0.00748101579389769,0.0692346177502916
