"nodesize","OOB_Error","Test_RMSE"
1,0.00498029040306335,0.0552623800208311
2,0.005199663868576,0.057911362475776
3,0.00480461650222921,0.0557066090013481
5,0.00574521235054453,0.0592808351018738
7,0.00645480916652293,0.0642738148561649
10,0.00723582441758559,0.0697308022834972
