"ntree","OOB_Error","Test_RMSE"
500,0.0309883631621706,0.156396939601077
750,0.0306059010880997,0.158128113606363
1000,0.0300331628652759,0.157570411506445
1250,0.0302758696949737,0.158553637224803
1500,0.0302883223876237,0.156879555574003
2000,0.0313672849233598,0.159098392820243
