"ntree","OOB_Error","Test_RMSE"
500,0.0289306103481099,0.152770773032001
750,0.0296102446538748,0.152542234761213
1000,0.0321487667014621,0.161268305545764
1250,0.0305674859101683,0.158390483810244
1500,0.0313215992996191,0.159856076522867
2000,0.0308521951693741,0.158804941138043
